{"cameraMode":{"drawMode":0,"name":"Shaded","section":"Shading Mode"},"sceneLighting":false,"audioPlay":false,"sceneViewState":{"showFog":true,"showMaterialUpdate":false,"showSkybox":false,"showFlares":true,"showImageEffects":true,"showParticleSystems":true},"in2DMode":false,"pivot":{"x":0.000003814697265625,"y":0.0,"z":0.000003814697265625},"rotation":{"x":0.16335450112819673,"y":-0.17654913663864137,"z":0.029726305976510049,"w":0.9701889157295227},"size":636.4778442382813,"orthographic":false}